num,name,image
1,Poussacha,https://www.margxt.fr/wp-content/uploads/2022/08/Poussacha.png
2,Matourgeon,https://www.margxt.fr/wp-content/uploads/2022/11/Matourgeon.png
3,Miascarade,https://www.margxt.fr/wp-content/uploads/2022/11/Miascarade.png
4,Chochodile,https://www.margxt.fr/wp-content/uploads/2022/08/Chochodile.png
5,Crogogril,https://www.margxt.fr/wp-content/uploads/2022/11/Crogogril.png
6,Flamigator,https://www.margxt.fr/wp-content/uploads/2022/11/Flamigator.png
7,Coiffeton,https://www.margxt.fr/wp-content/uploads/2022/08/Coiffeton.png
8,Canarbello,https://www.margxt.fr/wp-content/uploads/2022/11/Canarbello.png
9,Palmaval,https://www.margxt.fr/wp-content/uploads/2022/11/Palmaval.png
10,Gourmelet,https://www.margxt.fr/wp-content/uploads/2022/08/Gourmelet.webp
11,Fragroin,https://www.margxt.fr/wp-content/uploads/2022/11/Fragroin-M.png
12,Tissenboule,https://www.margxt.fr/wp-content/uploads/2022/11/Tissenboule.png
13,Filentrappe,https://www.margxt.fr/wp-content/uploads/2022/11/Filentrappe.png
14,Lilliterelle,https://www.margxt.fr/wp-content/uploads/2022/11/Lilliterelle.png
15,Gambex,https://www.margxt.fr/wp-content/uploads/2022/11/Gambex.png
16,Granivol,https://www.margxt.fr/wp-content/uploads/2022/10/Granivol.png
17,Floravol,https://www.margxt.fr/wp-content/uploads/2022/10/Floravol.png
18,Cotovol,https://www.margxt.fr/wp-content/uploads/2022/10/Cotovol.png
19,Passerouge,https://www.margxt.fr/wp-content/uploads/2020/11/Passerouge-XY.png
20,Braisillon,https://www.margxt.fr/wp-content/uploads/2020/11/Braisillon-XY.png
21,Flambusard,https://www.margxt.fr/wp-content/uploads/2020/11/1200px-Flambusard-XY.png
22,Pohm,https://www.margxt.fr/wp-content/uploads/2022/08/Pohm.webp
23,Pohmotte,https://www.margxt.fr/wp-content/uploads/2022/11/Pohmotte.png
24,Pohmarmotte,https://www.margxt.fr/wp-content/uploads/2022/11/Pohmarmotte.png
25,Malosse,https://www.margxt.fr/wp-content/uploads/2022/10/Malosse.png
26,Démolosse,https://www.margxt.fr/wp-content/uploads/2022/10/De%CC%81molosse.png
27,Manglouton,https://www.margxt.fr/wp-content/uploads/2022/10/Manglouton.png
28,Argouste,https://www.margxt.fr/wp-content/uploads/2022/10/Argouste.png
29,Rongourmand,https://www.margxt.fr/wp-content/uploads/2022/10/Rongourmand.png
30,Rongrigou,https://www.margxt.fr/wp-content/uploads/2022/10/Rongrigou.png
31,Tournegrin,https://www.margxt.fr/wp-content/uploads/2022/10/Tournegrin.png
32,Héliatronc,https://www.margxt.fr/wp-content/uploads/2022/10/He%CC%81liatronc.png
33,Crikzik,https://www.margxt.fr/wp-content/uploads/2022/02/Crikzik.png
34,Mélokrik,https://www.margxt.fr/wp-content/uploads/2022/02/Me%CC%81lokrik.png
35,Lépidonille,https://www.margxt.fr/wp-content/uploads/2022/10/Lepidonille.png
36,Pérégrain,https://www.margxt.fr/wp-content/uploads/2022/10/Peregrain.png
37,Prismillon,https://www.margxt.fr/wp-content/uploads/2022/10/Prismillon.png
38,Apitrini,https://www.margxt.fr/wp-content/uploads/2022/02/Apitrini.png
39,Apireine,https://www.margxt.fr/wp-content/uploads/2022/02/Apireine.png
40,Minisange,https://www.margxt.fr/wp-content/uploads/2022/10/Minisange.png
41,Bleuseille,https://www.margxt.fr/wp-content/uploads/2022/10/Bleuseille.png
42,Corvaillus,https://www.margxt.fr/wp-content/uploads/2022/10/Corvaillus.png
43,Ptiravi,https://www.margxt.fr/wp-content/uploads/2022/02/Ptiravi.png
44,Leveinard,https://www.margxt.fr/wp-content/uploads/2022/02/Leveinard.png
45,Leuphorie,https://www.margxt.fr/wp-content/uploads/2022/02/Leuphorie.png
46,Azurill,https://www.margxt.fr/wp-content/uploads/2022/10/Azurill.png
47,Marill,https://www.margxt.fr/wp-content/uploads/2022/10/Marill.png
48,Azumarill,https://www.margxt.fr/wp-content/uploads/2022/10/Azumarill.png
49,Arakdo,https://www.margxt.fr/wp-content/uploads/2022/10/Arakdo.png
50,Maskadra,https://www.margxt.fr/wp-content/uploads/2022/10/Maskadra.png
51,Mustébouée,https://www.margxt.fr/wp-content/uploads/2022/02/Muste%CC%81boue%CC%81e.png
52,Mustéflott,https://www.margxt.fr/wp-content/uploads/2022/02/Muste%CC%81flott.png
53,Axoloto,https://www.margxt.fr/wp-content/uploads/2022/11/Axoloto.png
54,Terraiste,https://www.margxt.fr/wp-content/uploads/2022/11/Terraiste.png
55,Psykokwak,https://www.margxt.fr/wp-content/uploads/2022/02/Psykokwak.png
56,Akwakwak,https://www.margxt.fr/wp-content/uploads/2022/02/Akwakwak.png
57,Khélocrok,https://www.margxt.fr/wp-content/uploads/2022/10/Khelocrok-1.png
58,Torgamord,https://www.margxt.fr/wp-content/uploads/2022/10/Torgamord-1.png
59,Toudoudou,https://www.margxt.fr/wp-content/uploads/2022/10/Toudoudou.png
60,Rondoudou,https://www.margxt.fr/wp-content/uploads/2022/10/Rondoudou.png
61,Grodoudou,https://www.margxt.fr/wp-content/uploads/2022/10/Grodoudou.png
62,Tarsal,https://www.margxt.fr/wp-content/uploads/2022/02/Tarsal.png
63,Kirlia,https://www.margxt.fr/wp-content/uploads/2022/02/Kirlia.png
64,Gardevoir,https://www.margxt.fr/wp-content/uploads/2022/02/Gardevoir.png
65,Gallame,https://www.margxt.fr/wp-content/uploads/2022/02/Gallame.png
66,Soporifik,https://www.margxt.fr/wp-content/uploads/2022/10/Soporifik.png
67,Hypnomade,https://www.margxt.fr/wp-content/uploads/2022/10/Hypnomade.png
68,Fantominus,https://www.margxt.fr/wp-content/uploads/2022/02/Fantominus.png
69,Spectrum,https://www.margxt.fr/wp-content/uploads/2022/02/Spectrum.png
70,Ectoplasma,https://www.margxt.fr/wp-content/uploads/2022/02/Ectoplasma-.png
71,Compaganol,https://www.margxt.fr/wp-content/uploads/2022/11/Compagnol.png
72,Famignol,https://www.margxt.fr/wp-content/uploads/2022/11/Famignol.png
73,Pichu,https://www.margxt.fr/wp-content/uploads/2022/02/Pichu.png
74,Pikachu,https://www.margxt.fr/wp-content/uploads/2022/02/Pikachu.png
75,Raichu,https://www.margxt.fr/wp-content/uploads/2022/02/Raichu.png
76,Pâtachiot,https://www.margxt.fr/wp-content/uploads/2022/08/Pa%CC%82tachiot.webp
77,Briochien,https://www.margxt.fr/wp-content/uploads/2022/11/Briochien.png
78,Parecool,https://www.margxt.fr/wp-content/uploads/2022/10/Parecool.png
79,Vigoroth,https://www.margxt.fr/wp-content/uploads/2022/10/Vigoroth.png
80,Monaflèmit,https://www.margxt.fr/wp-content/uploads/2022/10/Monaflemit.png
81,Croquine,https://www.margxt.fr/wp-content/uploads/2022/10/Croquine.png
82,Candine,https://www.margxt.fr/wp-content/uploads/2022/10/Candine.png
83,Sucreine,https://www.margxt.fr/wp-content/uploads/2022/10/Sucreine.png
84,Olivini,https://www.margxt.fr/wp-content/uploads/2022/08/Olivini.webp
85,Olivado,https://www.margxt.fr/wp-content/uploads/2022/11/Olivado.png
86,Arboliva,https://www.margxt.fr/wp-content/uploads/2022/11/Arboliva.png
87,Manzaï,https://www.margxt.fr/wp-content/uploads/2022/02/Manzai%CC%88.png
88,Simularbre,https://www.margxt.fr/wp-content/uploads/2022/02/Simularbre.png
89,Rocabot,https://www.margxt.fr/wp-content/uploads/2022/10/Rocabot.png
90,Lougaroc,https://www.margxt.fr/wp-content/uploads/2022/10/Lougaroc-Diurne.png
91,Charbi,https://www.margxt.fr/wp-content/uploads/2022/10/Charbi.png
92,Wagomine,https://www.margxt.fr/wp-content/uploads/2022/10/Wagomine.png
93,Monthracite,https://www.margxt.fr/wp-content/uploads/2022/10/Monthracite.png
94,Lixy,https://www.margxt.fr/wp-content/uploads/2022/02/Lixy.png
95,Luxio,https://www.margxt.fr/wp-content/uploads/2022/02/Luxio.png
96,Luxray,https://www.margxt.fr/wp-content/uploads/2022/02/Luxray.png
97,Étourmi,https://www.margxt.fr/wp-content/uploads/2022/02/E%CC%81tourmi.png
98,Étourvol,https://www.margxt.fr/wp-content/uploads/2022/02/E%CC%81tourvol.png
99,Étouraptor,https://www.margxt.fr/wp-content/uploads/2022/02/E%CC%81touraptor.png
100,Plumeline,https://www.margxt.fr/wp-content/uploads/2022/10/Plumeline-Flamenco.png
101,Wattouat,https://www.margxt.fr/wp-content/uploads/2022/10/Wattouat.png
102,Lainergie,https://www.margxt.fr/wp-content/uploads/2022/10/Lainergie.png
103,Pharamp,https://www.margxt.fr/wp-content/uploads/2022/10/Pharamp.png
104,Chlorobule,https://www.margxt.fr/wp-content/uploads/2022/02/Chlorobule.png
105,Fragilady,https://www.margxt.fr/wp-content/uploads/2022/10/Fragilady.png
106,Balignon,https://www.margxt.fr/wp-content/uploads/2022/10/Balignon.png
107,Chapignon,https://www.margxt.fr/wp-content/uploads/2022/10/Chapignon.png
108,Verpom,https://www.margxt.fr/wp-content/uploads/2022/10/Verpom.png
109,Pomdrapi,https://www.margxt.fr/wp-content/uploads/2022/10/Pomdrapi.png
110,Dratatin,https://www.margxt.fr/wp-content/uploads/2022/10/Dratatin.png
111,Spoink,https://www.margxt.fr/wp-content/uploads/2022/10/Spoink.png
112,Groret,https://www.margxt.fr/wp-content/uploads/2022/10/Groret.png
113,Tapatoès,https://www.margxt.fr/wp-content/uploads/2022/11/Tapatoes.png
114,Feuforêve,https://www.margxt.fr/wp-content/uploads/2022/02/Feufore%CC%82ve-1.png
115,Magirêve,https://www.margxt.fr/wp-content/uploads/2021/11/Magire%CC%82ve.png
116,Makuhita,https://www.margxt.fr/wp-content/uploads/2022/10/Makuhita.png
117,Hariyama,https://www.margxt.fr/wp-content/uploads/2022/10/Hariyama.png
118,Crabagarre,https://www.margxt.fr/wp-content/uploads/2022/10/Crabagarre.png
119,Crabominable,https://www.margxt.fr/wp-content/uploads/2022/10/Crabominable.png
120,Tritox,https://www.margxt.fr/wp-content/uploads/2022/10/Tritox.png
121,Malamandre,https://www.margxt.fr/wp-content/uploads/2022/10/Malamandre.png
122,Phanpy,https://www.margxt.fr/wp-content/uploads/2022/10/Phanpy.png
123,Donphan,https://www.margxt.fr/wp-content/uploads/2022/10/Donphan.png
124,Charibari,https://www.margxt.fr/wp-content/uploads/2022/10/Charibari.png
125,Pachyradjah,https://www.margxt.fr/wp-content/uploads/2022/10/Pachyradjah.png
126,Griknot,https://www.margxt.fr/wp-content/uploads/2022/02/Griknot-.png
127,Carmache,https://www.margxt.fr/wp-content/uploads/2022/02/Carmache-1.png
128,Carchacrok,https://www.margxt.fr/wp-content/uploads/2022/02/Carchacrok-.png
129,Selutin,https://www.margxt.fr/wp-content/uploads/2022/11/Selutin.png
130,Amassel,https://www.margxt.fr/wp-content/uploads/2022/11/Amassel.png
131,Gigansel,https://www.margxt.fr/wp-content/uploads/2022/11/Gigansel.png
132,Goélise,https://www.margxt.fr/wp-content/uploads/2022/10/Goe%CC%81lise.png
133,Bekipan,https://www.margxt.fr/wp-content/uploads/2022/10/Bekipan.png
134,Magicarpe,https://www.margxt.fr/wp-content/uploads/2022/02/Magicarpe.png
135,Léviator,https://www.margxt.fr/wp-content/uploads/2022/02/Le%CC%81viator.png
136,Embrochet,https://www.margxt.fr/wp-content/uploads/2022/11/Embrochet.png
137,Hastacuda,https://www.margxt.fr/wp-content/uploads/2022/11/Hastacuda.png
138,Bargantua,https://www.margxt.fr/wp-content/uploads/2022/02/550-Bargantua.png
139,Gloupti,https://www.margxt.fr/wp-content/uploads/2022/10/Gloupti.png
140,Avaltout,https://www.margxt.fr/wp-content/uploads/2022/10/Avaltout.png
141,Miaouss,https://www.margxt.fr/wp-content/uploads/2022/10/Miaouss.png
142,Persian,https://www.margxt.fr/wp-content/uploads/2022/10/Persian.png
143,Baudrive,https://www.margxt.fr/wp-content/uploads/2022/02/Baudrive.png
144,Grodrive,https://www.margxt.fr/wp-content/uploads/2022/02/Grodrive.png
145,Flabébé,https://www.margxt.fr/wp-content/uploads/2022/10/Flabebe.png
146,Floette,https://www.margxt.fr/wp-content/uploads/2022/10/Floette.png
147,Florges,https://www.margxt.fr/wp-content/uploads/2022/10/Florges.png
148,Taupiqueur,https://www.margxt.fr/wp-content/uploads/2022/10/Taupiqueur.png
149,Triopikeur,https://www.margxt.fr/wp-content/uploads/2022/10/Triopikeur.png
150,Chartor,https://www.margxt.fr/wp-content/uploads/2022/10/Chartor.png
151,Chamallot,https://www.margxt.fr/wp-content/uploads/2022/10/Chamallot.png
152,Camérupt,https://www.margxt.fr/wp-content/uploads/2022/10/Camerupt.png
153,Archéomire,https://www.margxt.fr/wp-content/uploads/2022/02/Arche%CC%81omire.png
154,Archéodong,https://www.margxt.fr/wp-content/uploads/2022/02/Arche%CC%81odong.png
155,Coupenotte,https://www.margxt.fr/wp-content/uploads/2022/10/Coupenotte.png
156,Incisache,https://www.margxt.fr/wp-content/uploads/2022/10/Incisache.png
157,Tranchodon,https://www.margxt.fr/wp-content/uploads/2022/10/Tranchodon.png
158,Férosinge,https://www.margxt.fr/wp-content/uploads/2022/10/Ferosinge.png
159,Colossinge,https://www.margxt.fr/wp-content/uploads/2022/10/Colossinge.png
160,Courrousinge,https://www.margxt.fr/wp-content/uploads/2022/11/Courrousinge.png
161,Méditikka,https://www.margxt.fr/wp-content/uploads/2022/10/Meditikka.png
162,Charmina,https://www.margxt.fr/wp-content/uploads/2022/10/Charmina.png
163,Riolu,https://www.margxt.fr/wp-content/uploads/2022/02/Riolu.png
164,Lucario,https://www.margxt.fr/wp-content/uploads/2022/02/Lucario.png
165,Charbambin,https://www.margxt.fr/wp-content/uploads/2022/11/Charbambin.png
166,Carmadura,https://www.margxt.fr/wp-content/uploads/2022/09/Carmadura.webp
167,Malvalame,https://www.margxt.fr/wp-content/uploads/2022/09/Malvalame.webp
168,Barloche,https://www.margxt.fr/wp-content/uploads/2022/02/Barloche.png
169,Barbicha,https://www.margxt.fr/wp-content/uploads/2022/02/Barbicha.png
170,Têtampoule,https://www.margxt.fr/wp-content/uploads/2022/11/Tetampoule.png
171,Ampibidou,https://www.margxt.fr/wp-content/uploads/2022/09/Ampibidou.webp
172,Mucuscule,https://www.margxt.fr/wp-content/uploads/2022/02/Mucuscule.png
173,Colimucus,https://www.margxt.fr/wp-content/uploads/2021/03/Colimucus-XY.png
174,Muplodocus,https://www.margxt.fr/wp-content/uploads/2022/10/Muplodocus.png
175,Cradopaud,https://www.margxt.fr/wp-content/uploads/2022/02/Cradopaud.png
176,Coatox,https://www.margxt.fr/wp-content/uploads/2022/02/Coatox.png
177,Zapétrel,https://www.margxt.fr/wp-content/uploads/2022/11/Zapetrel.png
178,Fulgulairo,https://www.margxt.fr/wp-content/uploads/2022/11/Fulgulairo.png
179,Évoli,https://www.margxt.fr/wp-content/uploads/2022/02/E%CC%81voli.png
180,Aquali,https://www.margxt.fr/wp-content/uploads/2022/02/Aquali.png
181,Voltali,https://www.margxt.fr/wp-content/uploads/2022/02/Voltali.png
182,Pyroli,https://www.margxt.fr/wp-content/uploads/2022/02/Pyroli.png
183,Mentali,https://www.margxt.fr/wp-content/uploads/2022/02/Mentali.png
184,Noctali,https://www.margxt.fr/wp-content/uploads/2022/02/Noctali.png
185,Phyllali,https://www.margxt.fr/wp-content/uploads/2022/02/Phyllali.png
186,Givrali,https://www.margxt.fr/wp-content/uploads/2022/02/Givrali.png
187,Nymphali,https://www.margxt.fr/wp-content/uploads/2022/02/Nymphali.png
188,Insolourdo,https://www.margxt.fr/wp-content/uploads/2022/10/Insolourdo.png
189,Deusolourdo,https://www.margxt.fr/wp-content/uploads/2022/11/Deusolourdo.png
190,Vivaldaim,https://www.margxt.fr/wp-content/uploads/2022/10/Vivaldaim.png
191,Haydaim,https://www.margxt.fr/wp-content/uploads/2022/10/Haydaim.png
192,Girafarig,https://www.margxt.fr/wp-content/uploads/2022/10/Girafarig.png
193,Farigiraf,https://www.margxt.fr/wp-content/uploads/2022/09/Farigiraf.webp
194,Tadmorv,https://www.margxt.fr/wp-content/uploads/2022/10/Tadmorv.png
195,Grotadmorv,https://www.margxt.fr/wp-content/uploads/2022/10/Grotadmorv.png
196,Grondogue,https://www.margxt.fr/wp-content/uploads/2022/11/Grondogue.png
197,Dogrino,https://www.margxt.fr/wp-content/uploads/2022/11/Dogrino.png
198,Toxizap,https://www.margxt.fr/wp-content/uploads/2022/10/Toxizap.png
199,Salarsen,https://www.margxt.fr/wp-content/uploads/2022/10/Salarsen.png
200,Dedenne,https://www.margxt.fr/wp-content/uploads/2022/11/Dedenne.png
201,Pachirisu,https://www.margxt.fr/wp-content/uploads/2022/02/Pachirisu.png
202,Gribouraigne,https://www.margxt.fr/wp-content/uploads/2022/11/Gribouraigne.png
203,Tag-Tag,https://www.margxt.fr/wp-content/uploads/2022/08/Tag-tag.png
204,Cerfrousse,https://www.margxt.fr/wp-content/uploads/2022/02/Cerfrousse.png
205,Trompignon,https://www.margxt.fr/wp-content/uploads/2022/11/Trompignon.png
206,Gaulet,https://www.margxt.fr/wp-content/uploads/2022/11/Gaulet.png
207,Voltorbe,https://www.margxt.fr/wp-content/uploads/2022/11/Voltorbe.png
208,Électrode,https://www.margxt.fr/wp-content/uploads/2022/11/Electrode.png
209,Magnéti,https://www.margxt.fr/wp-content/uploads/2022/02/Magne%CC%81ti.png
210,Magnéton,https://www.margxt.fr/wp-content/uploads/2022/02/Magne%CC%81ton.png
211,Magnézone,https://www.margxt.fr/wp-content/uploads/2022/02/Magne%CC%81zone.png
212,Métamorph,https://www.margxt.fr/wp-content/uploads/2022/11/Metamorph.png
213,Caninos,https://www.margxt.fr/wp-content/uploads/2022/10/Caninos.png
214,Arcanin,https://www.margxt.fr/wp-content/uploads/2021/11/Arcanin.png
215,Teddiursa,https://www.margxt.fr/wp-content/uploads/2022/02/Teddiursa.png
216,Ursaring,https://www.margxt.fr/wp-content/uploads/2022/02/Ursaring.png
217,Mangriff,https://www.margxt.fr/wp-content/uploads/2022/10/Mangriff.png
218,Séviper,https://www.margxt.fr/wp-content/uploads/2022/10/Seviper.png
219,Tylton,https://www.margxt.fr/wp-content/uploads/2022/10/Tylton.png
220,Altaria,https://www.margxt.fr/wp-content/uploads/2022/10/Altaria.png
221,Cabriolaine,https://www.margxt.fr/wp-content/uploads/2022/10/Cabriolaine.png
222,Chevroum,https://www.margxt.fr/wp-content/uploads/2022/10/Chevroum.png
223,Tauros,https://www.margxt.fr/wp-content/uploads/2022/11/Tauros-Paldea-1.png
224,Hélionceau,https://www.margxt.fr/wp-content/uploads/2022/10/Helionceau.png
225,Némélios,https://www.margxt.fr/wp-content/uploads/2022/10/Nemelios.png
226,Moufouette,https://www.margxt.fr/wp-content/uploads/2022/02/Moufouette-.png
227,Moufflair,https://www.margxt.fr/wp-content/uploads/2022/02/Moufflair.png
228,Zorua,https://www.margxt.fr/wp-content/uploads/2022/10/Zorua.png
229,Zoroark,https://www.margxt.fr/wp-content/uploads/2022/10/Zoroark.png
230,Farfuret,https://www.margxt.fr/wp-content/uploads/2022/02/Farfuret.png
231,Dimoret,https://www.margxt.fr/wp-content/uploads/2022/02/Dimoret.png
232,Cornèbre,https://www.margxt.fr/wp-content/uploads/2022/02/Corne%CC%80bre.png
233,Corboss,https://www.margxt.fr/wp-content/uploads/2022/02/Corboss.png
234,Scrutella,https://www.margxt.fr/wp-content/uploads/2022/11/Scrutella.png
235,Mesmérella,https://www.margxt.fr/wp-content/uploads/2022/11/Mesmerella.png
236,Sidérella,https://www.margxt.fr/wp-content/uploads/2022/11/Siderella.png
237,Théffroi,https://www.margxt.fr/wp-content/uploads/2022/10/The%CC%81ffroi.png
238,Polthégeist,https://www.margxt.fr/wp-content/uploads/2022/10/Polthe%CC%81geist.png
239,Mimiqui,https://www.margxt.fr/wp-content/uploads/2022/10/Mimiqui.png
240,Trousselin,https://www.margxt.fr/wp-content/uploads/2020/11/Trousselin-XY.png
241,Wimessir,https://www.margxt.fr/wp-content/uploads/2022/11/Wimessir-Male.png
242,Virovent,https://www.margxt.fr/wp-content/uploads/2022/11/Virovent.png
243,Virevorreur,https://www.margxt.fr/wp-content/uploads/2022/11/Virevorreur.png
244,Terracool,https://www.margxt.fr/wp-content/uploads/2022/11/Terracool.png
245,Terracruel,https://www.margxt.fr/wp-content/uploads/2022/11/Terracruel.png
246,Tropius,https://www.margxt.fr/wp-content/uploads/2022/10/Tropius.png
247,Mimantis,https://www.margxt.fr/wp-content/uploads/2022/10/Mimantis.png
248,Floramantis,https://www.margxt.fr/wp-content/uploads/2022/10/Floramantis.png
249,Craparoi,https://www.margxt.fr/wp-content/uploads/2022/09/Craparoi.webp
250,Pimito,https://www.margxt.fr/wp-content/uploads/2022/11/Pimito.png
251,Scovilain,https://www.margxt.fr/wp-content/uploads/2022/11/Scovilain.png
252,Cacnea,https://www.margxt.fr/wp-content/uploads/2022/10/Cacnea.png
253,Cacturne,https://www.margxt.fr/wp-content/uploads/2022/10/Cacturne.png
254,Léboulérou,https://www.margxt.fr/wp-content/uploads/2022/11/Leboulerou.png
255,Bérasca,https://www.margxt.fr/wp-content/uploads/2022/11/Berasca.png
256,Mimitoss,https://www.margxt.fr/wp-content/uploads/2022/10/Mimitoss.png
257,Aéromite,https://www.margxt.fr/wp-content/uploads/2022/10/Ae%CC%81romite.png
258,Pomdepik,https://www.margxt.fr/wp-content/uploads/2022/10/Pomdepik.png
259,Foretress,https://www.margxt.fr/wp-content/uploads/2022/10/Foretress.png
260,Insécateur,https://www.margxt.fr/wp-content/uploads/2022/02/Inse%CC%81cateur.png
261,Cizayox,https://www.margxt.fr/wp-content/uploads/2022/02/Cizayox.png
262,Scarhino,https://www.margxt.fr/wp-content/uploads/2022/02/Scarhino.png
263,Flotillon,https://www.margxt.fr/wp-content/uploads/2022/11/Flotillon.png
264,Cléopsytra,https://www.margxt.fr/wp-content/uploads/2022/11/Cleopsytra.png
265,Hippopotas,https://www.margxt.fr/wp-content/uploads/2022/02/Hippopotas.png
266,Hippodocus,https://www.margxt.fr/wp-content/uploads/2022/02/Hippodocus.png
267,Mascaïman,https://www.margxt.fr/wp-content/uploads/2022/10/Mascaiman.png
268,Escroco,https://www.margxt.fr/wp-content/uploads/2022/10/Escroco.png
269,Crocorible,https://www.margxt.fr/wp-content/uploads/2022/10/Crocorible-1.png
270,Dunaja,https://www.margxt.fr/wp-content/uploads/2022/11/Dunaja.png
271,Dunaconda,https://www.margxt.fr/wp-content/uploads/2022/11/Dunaconda.png
272,Tiboudet,https://www.margxt.fr/wp-content/uploads/2022/10/Tiboudet.png
273,Bourrinos,https://www.margxt.fr/wp-content/uploads/2022/10/Bourrinos.png
274,Pyronille,https://www.margxt.fr/wp-content/uploads/2022/11/Pyronille.png
275,Pyrax,https://www.margxt.fr/wp-content/uploads/2022/11/Pyrax.png
276,Draby,https://www.margxt.fr/wp-content/uploads/2022/10/Draby.png
277,Drackhaus,https://www.margxt.fr/wp-content/uploads/2022/10/Drackhaus.png
278,Drattak,https://www.margxt.fr/wp-content/uploads/2022/10/Drattak.png
279,Forgerette,https://www.margxt.fr/wp-content/uploads/2022/09/Forgerette.png
280,Forgella,https://www.margxt.fr/wp-content/uploads/2022/09/Forgella.png
281,Forgelina,https://www.margxt.fr/wp-content/uploads/2022/09/Forgelina.png
282,Bibichut,https://www.margxt.fr/wp-content/uploads/2022/10/Bibichut.png
283,Chapotus,https://www.margxt.fr/wp-content/uploads/2022/10/Chapotus.png
284,Sorcilence,https://www.margxt.fr/wp-content/uploads/2022/10/Sorcilence.png
285,Grimalin,https://www.margxt.fr/wp-content/uploads/2022/11/Grimalin.png
286,Fourbelin,https://www.margxt.fr/wp-content/uploads/2022/11/Fourbelin.png
287,Angoliath,https://www.margxt.fr/wp-content/uploads/2022/11/Angoliath.png
288,Taupikeau,https://www.margxt.fr/wp-content/uploads/2022/09/Taupikeau.webp
289,Triopikeau,https://www.margxt.fr/wp-content/uploads/2022/09/Triopikeau.png
290,Lestombaile,https://www.margxt.fr/wp-content/uploads/2022/09/Lestombaile.png
291,Dofin,https://www.margxt.fr/wp-content/uploads/2022/09/Dofin.png
292,Superdofin,https://www.margxt.fr/wp-content/uploads/2022/09/Superdofin.png
293,Vrombi,https://www.margxt.fr/wp-content/uploads/2022/09/Vrombi.png
294,Vrombotor,https://www.margxt.fr/wp-content/uploads/2022/09/Vrombotor.png
295,Motorizard,https://www.margxt.fr/wp-content/uploads/2022/09/Motorizard.png
296,Ferdeter,https://www.margxt.fr/wp-content/uploads/2022/09/Ferdeter.png
297,Ténéfix,https://www.margxt.fr/wp-content/uploads/2022/10/Tenefix.png
298,Polichombr,https://www.margxt.fr/wp-content/uploads/2022/11/Polichombr.png
299,Branette,https://www.margxt.fr/wp-content/uploads/2022/11/Branette.png
300,Hexadron,https://www.margxt.fr/wp-content/uploads/2022/11/Hexadron.png
301,Brutalibré,https://www.margxt.fr/wp-content/uploads/2022/11/Brutalibre.png
302,Spiritomb,https://www.margxt.fr/wp-content/uploads/2022/02/Spiritomb.png
303,Sonistrelle,https://www.margxt.fr/wp-content/uploads/2022/10/Sonistrelle.png
304,Bruyverne,https://www.margxt.fr/wp-content/uploads/2022/10/Bruyverne.png
305,Fantyrm,https://www.margxt.fr/wp-content/uploads/2022/10/Fantyrm.png
306,Dispareptil,https://www.margxt.fr/wp-content/uploads/2022/10/Dispareptil.png
307,Lanssorien,https://www.margxt.fr/wp-content/uploads/2022/10/Lanssorien.png
308,Germéclat,https://www.margxt.fr/wp-content/uploads/2022/09/Germeclat.png
309,Floréclat,https://www.margxt.fr/wp-content/uploads/2022/09/Floreclat.png
310,Motisma,https://www.margxt.fr/wp-content/uploads/2022/02/Motisma.png
311,Toutombe,https://www.margxt.fr/wp-content/uploads/2022/09/Toutombe.webp
312,Tomberro,https://www.margxt.fr/wp-content/uploads/2022/09/Tomberro.png
313,Gouroutan,https://www.margxt.fr/wp-content/uploads/2022/10/Gouroutan.png
314,Quartermac,https://www.margxt.fr/wp-content/uploads/2022/10/Quartermac.png
315,Dodoala,https://www.margxt.fr/wp-content/uploads/2022/10/Dodoala.png
316,Embrylex,https://www.margxt.fr/wp-content/uploads/2021/11/Embrylex.png
317,Ymphect,https://www.margxt.fr/wp-content/uploads/2021/11/Ymphect.png
318,Tyranocif,https://www.margxt.fr/wp-content/uploads/2021/11/500px-Tyranocif-HGSS.png
319,Dolman,https://www.margxt.fr/wp-content/uploads/2022/10/Dolman.png
320,Bekaglaçon,https://www.margxt.fr/wp-content/uploads/2022/10/Bekaglac%CC%A7on.png
321,Wattapik,https://www.margxt.fr/wp-content/uploads/2022/10/Wattapik.png
322,Bacabouh,https://www.margxt.fr/wp-content/uploads/2022/11/Bacabouh.png
323,Trépassable,https://www.margxt.fr/wp-content/uploads/2022/11/Trepassable.png
324,Ramoloss,https://www.margxt.fr/wp-content/uploads/2021/11/Ramoloss.png
325,Flagadoss,https://www.margxt.fr/wp-content/uploads/2021/11/Flagadoss.png
326,Roigada,https://www.margxt.fr/wp-content/uploads/2022/11/Roigada.png
327,Sancoki,https://www.margxt.fr/wp-content/uploads/2022/02/Sancoki-Mer-Occident.png
328,Tritosor,https://www.margxt.fr/wp-content/uploads/2022/02/Tritosor-Mer-Occident.png
329,Kokiyas,https://www.margxt.fr/wp-content/uploads/2022/10/Kokiyas.png
330,Crustabri,https://www.margxt.fr/wp-content/uploads/2022/10/Crustabri.png
331,Qwilfish,https://www.margxt.fr/wp-content/uploads/2022/11/Qwilfish.png
332,Lovdisc,https://www.margxt.fr/wp-content/uploads/2022/11/Lovdisc.png
333,Écayon,https://www.margxt.fr/wp-content/uploads/2022/02/E%CC%81cayon.png
334,Luminéon,https://www.margxt.fr/wp-content/uploads/2022/02/Lumine%CC%81on.png
335,Denticrisse,https://www.margxt.fr/wp-content/uploads/2022/11/Denticrisse.png
336,Mamanbo,https://www.margxt.fr/wp-content/uploads/2022/11/Mamanbo.png
337,Venalgue,https://www.margxt.fr/wp-content/uploads/2022/10/Venalgue.png
338,Kravarech,https://www.margxt.fr/wp-content/uploads/2022/10/Kravarech.png
339,Flingouste,https://www.margxt.fr/wp-content/uploads/2022/10/Flingouste.png
340,Gamblast,https://www.margxt.fr/wp-content/uploads/2022/10/Gamblast.png
341,Anchwatt,https://www.margxt.fr/wp-content/uploads/2022/10/Anchwatt.png
342,Lampéroie,https://www.margxt.fr/wp-content/uploads/2022/10/Lamperoie.png
343,Ohmassacre,https://www.margxt.fr/wp-content/uploads/2022/10/Ohmassacre.png
344,Vorasterie,https://www.margxt.fr/wp-content/uploads/2022/10/Vorasterie.png
345,Prédastérie,https://www.margxt.fr/wp-content/uploads/2022/10/Predasterie.png
346,Flamenroule,https://www.margxt.fr/wp-content/uploads/2022/09/Flamenroule.png
347,Minidraco,https://www.margxt.fr/wp-content/uploads/2022/10/Minidraco.png
348,Draco,https://www.margxt.fr/wp-content/uploads/2022/10/Draco.png
349,Dracolosse,https://www.margxt.fr/wp-content/uploads/2022/10/Dracolosse.png
350,Frissonille,https://www.margxt.fr/wp-content/uploads/2022/10/Frissonille.png
351,Beldeneige,https://www.margxt.fr/wp-content/uploads/2022/10/Beldeneige.png
352,Blizzi,https://www.margxt.fr/wp-content/uploads/2022/02/Blizzi.png
353,Blizzaroi,https://www.margxt.fr/wp-content/uploads/2022/02/Blizzaroi.png
354,Cadoizo,https://www.margxt.fr/wp-content/uploads/2022/10/Cadoizo.png
355,Polarhume,https://www.margxt.fr/wp-content/uploads/2022/10/Polarhume.png
356,Polagriffe,https://www.margxt.fr/wp-content/uploads/2022/10/Polagriffe.png
357,Stalgamin,https://www.margxt.fr/wp-content/uploads/2022/10/Stalgamin.png
358,Oniglali,https://www.margxt.fr/wp-content/uploads/2022/10/Oniglali.png
359,Momartik,https://www.margxt.fr/wp-content/uploads/2022/02/Momartik.png
360,Hexagel,https://www.margxt.fr/wp-content/uploads/2022/10/Hexagel.png
361,Piétacé,https://www.margxt.fr/wp-content/uploads/2022/11/Pietace.png
362,Balbalèze,https://www.margxt.fr/wp-content/uploads/2022/08/Balbale%CC%80ze.webp
363,Grelaçon,https://www.margxt.fr/wp-content/uploads/2022/02/Grelac%CC%A7on.png
364,Séracrawl,https://www.margxt.fr/wp-content/uploads/2022/02/713-Se%CC%81racrawl.png
365,Furaiglon,https://www.margxt.fr/wp-content/uploads/2022/02/Furaiglon.png
366,Gueriaigle,https://www.margxt.fr/wp-content/uploads/2022/10/Gueriaigle.png
367,Scalpion,https://www.margxt.fr/wp-content/uploads/2022/10/Scalpion.png
368,Scalproie,https://www.margxt.fr/wp-content/uploads/2022/10/Scalproie.png
369,Scalpereur,https://www.margxt.fr/wp-content/uploads/2022/11/Scalpereur.png
370,Solochi,https://www.margxt.fr/wp-content/uploads/2022/10/Solochi.png
371,Diamat,https://www.margxt.fr/wp-content/uploads/2022/10/Diamat.png
372,Trioxhydre,https://www.margxt.fr/wp-content/uploads/2022/10/Trioxhydre.png
373,Délestin,https://www.margxt.fr/wp-content/uploads/2022/11/Delestin.png
374,Oyacata,https://www.margxt.fr/wp-content/uploads/2022/11/Oyacata.png
375,Nigirigon,https://www.margxt.fr/wp-content/uploads/2022/11/Nigirigon.png
376,Fort-Ivoire,https://www.margxt.fr/wp-content/uploads/2022/11/Fort-Ivoire.png
377,Hurle-Queue,https://www.margxt.fr/wp-content/uploads/2022/11/Hurle-Queue.png
378,Fongus-Furie,https://www.margxt.fr/wp-content/uploads/2022/11/Fongus-Furie.png
379,Flotte-Mèche,https://www.margxt.fr/wp-content/uploads/2022/11/Flotte-Meche.png
380,Rampe-Ailes,https://www.margxt.fr/wp-content/uploads/2022/11/Rampe-Ailes.png
381,Pelage-Sablé,https://www.margxt.fr/wp-content/uploads/2022/11/Pelage-Sable.png
382,Roue-de-Fer,https://www.margxt.fr/wp-content/uploads/2022/11/Roue-de-Fer.png
383,Hotte-de-Fer,https://www.margxt.fr/wp-content/uploads/2022/11/Hotte-de-Fer.png
384,Paume-de-Fer,https://www.margxt.fr/wp-content/uploads/2022/11/Paume-de-Fer.png
385,Têtes-de-Fer,https://www.margxt.fr/wp-content/uploads/2022/11/Tetes-de-Fer.png
386,Mite-de-Fer,https://www.margxt.fr/wp-content/uploads/2022/11/Mite-de-Fer.png
387,Épine-de-Fer,https://www.margxt.fr/wp-content/uploads/2022/11/Epine-de-Fer.png
388,Frigodo,https://www.margxt.fr/wp-content/uploads/2022/11/Frigodo-.png
389,Cryodo,https://www.margxt.fr/wp-content/uploads/2022/11/Cryodo.png
390,Glaivodo,https://www.margxt.fr/wp-content/uploads/2022/11/Glaivodo.png
391,Mordudor,https://www.margxt.fr/wp-content/uploads/2022/09/Mordudor-Coffre.webp
392,Gromago,https://www.margxt.fr/wp-content/uploads/2022/11/Gromago.png
393,Chongjian,https://www.margxt.fr/wp-content/uploads/2022/11/Chongjian.png
394,Baojian,https://www.margxt.fr/wp-content/uploads/2022/11/Baojian.png
395,Dinglu,https://www.margxt.fr/wp-content/uploads/2022/11/Dinglu.png
396,Yuyu,https://www.margxt.fr/wp-content/uploads/2022/11/Yuyu.png
397,Rugit-Lune,https://www.margxt.fr/wp-content/uploads/2022/11/Rugit-Lune.png
398,Gardes-de-Fer,https://www.margxt.fr/wp-content/uploads/2022/11/Gardes-de-Fer.png
399,Koraidon,https://www.margxt.fr/wp-content/uploads/2022/08/Koraidon.png
400,Miraidon,https://www.margxt.fr/wp-content/uploads/2022/08/Miraidon.png
